{"_tensor":[[[[0.0],[0.0],[0.0],[0.0],[0.0],[0.0],[0.0],[0.0],[0.0],[0.0]]],[[[0.0],[0.0],[0.0],[91.21468011637334],[200.44561831983154],[326.93067747813257],[443.2781293839482],[541.742246894362],[624.6118306952518],[0.0]]],[[[0.0],[0.0],[0.0],[0.0],[84.18772533006141],[221.28494860980885],[328.7812258187004],[437.4095607143142],[523.8497715565385],[0.0]]],[[[0.0],[91.21468011637334],[0.0],[0.0],[0.0],[125.20834275670065],[229.74332882221256],[355.20407264661895],[446.2284350413002],[0.0]]],[[[0.0],[200.44561831983154],[84.18772533006141],[0.0],[0.0],[0.0],[84.14672306863032],[217.9777686496385],[301.32625384949074],[0.0]]],[[[0.0],[326.93067747813257],[221.28494860980885],[125.20834275670065],[0.0],[0.0],[0.0],[121.37904503521806],[199.4991077049349],[0.0]]],[[[0.0],[443.2781293839482],[328.7812258187004],[229.74332882221256],[84.14672306863032],[0.0],[0.0],[0.0],[4.799867826548745],[0.0]]],[[[0.0],[541.742246894362],[437.4095607143142],[355.20407264661895],[217.9777686496385],[121.37904503521806],[0.0],[0.0],[0.0],[0.0]]],[[[0.0],[624.6118306952518],[523.8497715565385],[446.2284350413002],[301.32625384949074],[199.4991077049349],[4.799867826548745],[0.0],[0.0],[0.0]]],[[[0.0],[0.0],[0.0],[0.0],[0.0],[0.0],[0.0],[0.0],[0.0],[0.0]]]],"_dim1":10,"_dim2":1,"_dim3":10,"_dim4":1,"_total_num_collision_checks":1000.0}