{"_tensor":[[[[0.0],[0.0],[0.0],[0.0],[0.0],[0.0],[0.0],[0.0],[0.0],[0.0]]],[[[0.0],[0.0],[0.0],[108.30209888211702],[237.88863862962245],[378.36512613915284],[494.84877440233294],[603.4836213947839],[669.0291793388222],[0.0]]],[[[0.0],[0.0],[0.0],[0.0],[101.6234905749323],[253.8469455032701],[381.2796732232229],[502.8024497003862],[572.2535316988099],[0.0]]],[[[0.0],[108.30209888211702],[0.0],[0.0],[0.0],[141.0048693294486],[265.9280984303925],[404.92262084135996],[478.7104544273955],[0.0]]],[[[0.0],[237.88863862962245],[101.6234905749323],[0.0],[0.0],[0.0],[101.62915590846612],[251.37260606779836],[330.30997912982474],[0.0]]],[[[0.0],[378.36512613915284],[253.8469455032701],[141.0048693294486],[0.0],[0.0],[0.0],[138.90500143147142],[212.78700913728858],[0.0]]],[[[0.0],[494.84877440233294],[381.2796732232229],[265.9280984303925],[101.62915590846612],[0.0],[0.0],[0.0],[25.91844380084883],[0.0]]],[[[0.0],[603.4836213947839],[502.8024497003862],[404.92262084135996],[251.37260606779836],[138.90500143147142],[0.0],[0.0],[0.0],[0.0]]],[[[0.0],[669.0291793388222],[572.2535316988099],[478.7104544273955],[330.30997912982474],[212.78700913728858],[25.91844380084883],[0.0],[0.0],[0.0]]],[[[0.0],[0.0],[0.0],[0.0],[0.0],[0.0],[0.0],[0.0],[0.0],[0.0]]]],"_dim1":10,"_dim2":1,"_dim3":10,"_dim4":1,"_total_num_collision_checks":1000.0}