{"_tensor":[[[[0.0],[2.958564663245821],[8.933809898782913],[257.8589266438937],[442.39504987643494],[448.69543675464314],[466.1589658834594],[0.0],[0.0],[0.0],[0.0]]],[[[2.958564663245821],[0.0],[0.14874637725554904],[229.1946042553905],[412.9162971274127],[419.06403105633916],[437.61409911197757],[0.0],[0.0],[0.0],[0.0]]],[[[8.933809898782913],[0.14874637725554904],[0.0],[0.0],[214.20373246850036],[218.91659381424495],[234.26420097594095],[0.0],[0.0],[0.0],[0.0]]],[[[257.8589266438937],[229.1946042553905],[0.0],[0.0],[0.0],[9.117253566177874],[42.061704757733004],[0.0],[0.0],[0.0],[0.0]]],[[[442.39504987643494],[412.9162971274127],[214.20373246850036],[0.0],[0.0],[1.6499097945596886],[13.99063760566319],[0.0],[0.0],[0.0],[0.0]]],[[[448.69543675464314],[419.06403105633916],[218.91659381424495],[9.117253566177874],[1.6499097945596886],[0.0],[0.0],[0.0],[0.0],[0.0],[0.0]]],[[[466.1589658834594],[437.61409911197757],[234.26420097594095],[42.061704757733004],[13.99063760566319],[0.0],[0.0],[0.0],[0.0],[0.0],[0.0]]],[[[0.0],[0.0],[0.0],[0.0],[0.0],[0.0],[0.0],[0.0],[0.0],[0.0],[0.0]]],[[[0.0],[0.0],[0.0],[0.0],[0.0],[0.0],[0.0],[0.0],[0.0],[0.0],[0.0]]],[[[0.0],[0.0],[0.0],[0.0],[0.0],[0.0],[0.0],[0.0],[0.0],[0.0],[0.0]]],[[[0.0],[0.0],[0.0],[0.0],[0.0],[0.0],[0.0],[0.0],[0.0],[0.0],[0.0]]]],"_dim1":11,"_dim2":1,"_dim3":11,"_dim4":1,"_total_num_collision_checks":1000.0}