{"_tensor":[[[[0.0],[2.958546658992757],[0.7111331994569692],[219.40079448163237],[409.86875441398377],[414.8165840089439],[434.742214004247],[0.0],[0.0],[0.0],[0.0]]],[[[2.958546658992757],[0.0],[0.14871618747710305],[209.01018127453537],[390.9439159347454],[393.724861676302],[414.36325345690153],[0.0],[0.0],[0.0],[0.0]]],[[[0.7111331994569692],[0.14871618747710305],[0.0],[0.0],[201.27418872928908],[197.46874461080188],[212.98196640314563],[0.0],[0.0],[0.0],[0.0]]],[[[219.40079448163237],[209.01018127453537],[0.0],[0.0],[0.0],[0.48000648267134877],[28.21880645283421],[0.0],[0.0],[0.0],[0.0]]],[[[409.86875441398377],[390.9439159347454],[201.27418872928908],[0.0],[0.0],[1.649893820285799],[4.386713092542705],[0.0],[0.0],[0.0],[0.0]]],[[[414.8165840089439],[393.724861676302],[197.46874461080188],[0.48000648267134877],[1.649893820285799],[0.0],[0.0],[0.0],[0.0],[0.0],[0.0]]],[[[434.742214004247],[414.36325345690153],[212.98196640314563],[28.21880645283421],[4.386713092542705],[0.0],[0.0],[0.0],[0.0],[0.0],[0.0]]],[[[0.0],[0.0],[0.0],[0.0],[0.0],[0.0],[0.0],[0.0],[0.0],[0.0],[0.0]]],[[[0.0],[0.0],[0.0],[0.0],[0.0],[0.0],[0.0],[0.0],[0.0],[0.0],[0.0]]],[[[0.0],[0.0],[0.0],[0.0],[0.0],[0.0],[0.0],[0.0],[0.0],[0.0],[0.0]]],[[[0.0],[0.0],[0.0],[0.0],[0.0],[0.0],[0.0],[0.0],[0.0],[0.0],[0.0]]]],"_dim1":11,"_dim2":1,"_dim3":11,"_dim4":1,"_total_num_collision_checks":1000.0}