{"_tensor":[[[[0.0],[2.958546658992757],[0.777191987226254],[220.77609387893986],[405.6929488025775],[411.4428359551392],[431.34106432867645],[0.0],[0.0],[0.0],[0.0]]],[[[2.958546658992757],[0.0],[0.1487161874771014],[206.9083008003072],[388.0326477491077],[393.2025621317],[413.40712879665426],[0.0],[0.0],[0.0],[0.0]]],[[[0.777191987226254],[0.1487161874771014],[0.0],[0.0],[198.77611189334755],[199.99874098031924],[215.78686266650556],[0.0],[0.0],[0.0],[0.0]]],[[[220.77609387893986],[206.9083008003072],[0.0],[0.0],[0.0],[0.5164036236525802],[27.528898458473115],[0.0],[0.0],[0.0],[0.0]]],[[[405.6929488025775],[388.0326477491077],[198.77611189334755],[0.0],[0.0],[1.649893820285794],[4.046607010223205],[0.0],[0.0],[0.0],[0.0]]],[[[411.4428359551392],[393.2025621317],[199.99874098031924],[0.5164036236525802],[1.649893820285794],[0.0],[0.0],[0.0],[0.0],[0.0],[0.0]]],[[[431.34106432867645],[413.40712879665426],[215.78686266650556],[27.528898458473115],[4.046607010223205],[0.0],[0.0],[0.0],[0.0],[0.0],[0.0]]],[[[0.0],[0.0],[0.0],[0.0],[0.0],[0.0],[0.0],[0.0],[0.0],[0.0],[0.0]]],[[[0.0],[0.0],[0.0],[0.0],[0.0],[0.0],[0.0],[0.0],[0.0],[0.0],[0.0]]],[[[0.0],[0.0],[0.0],[0.0],[0.0],[0.0],[0.0],[0.0],[0.0],[0.0],[0.0]]],[[[0.0],[0.0],[0.0],[0.0],[0.0],[0.0],[0.0],[0.0],[0.0],[0.0],[0.0]]]],"_dim1":11,"_dim2":1,"_dim3":11,"_dim4":1,"_total_num_collision_checks":1000.0}