{"_tensor":[[[[0.0],[2.9585646253539006],[8.843312552052803],[255.72106417779966],[431.22685987988325],[441.42685203550406],[461.3226481094109],[0.0],[0.0],[0.0],[0.0]]],[[[2.9585646253539006],[0.0],[0.14874667782926485],[226.6274288137652],[400.33835168704985],[409.2415348487906],[429.2804857479804],[0.0],[0.0],[0.0],[0.0]]],[[[8.843312552052803],[0.14874667782926485],[0.0],[0.0],[211.70602594283642],[217.80406900926587],[232.91495134140405],[0.0],[0.0],[0.0],[0.0]]],[[[255.72106417779966],[226.6274288137652],[0.0],[0.0],[0.0],[9.18059204817263],[42.84469027403532],[0.0],[0.0],[0.0],[0.0]]],[[[431.22685987988325],[400.33835168704985],[211.70602594283642],[0.0],[0.0],[1.6499101498614832],[13.991889209702155],[0.0],[0.0],[0.0],[0.0]]],[[[441.42685203550406],[409.2415348487906],[217.80406900926587],[9.18059204817263],[1.6499101498614832],[0.0],[0.0],[0.0],[0.0],[0.0],[0.0]]],[[[461.3226481094109],[429.2804857479804],[232.91495134140405],[42.84469027403532],[13.991889209702155],[0.0],[0.0],[0.0],[0.0],[0.0],[0.0]]],[[[0.0],[0.0],[0.0],[0.0],[0.0],[0.0],[0.0],[0.0],[0.0],[0.0],[0.0]]],[[[0.0],[0.0],[0.0],[0.0],[0.0],[0.0],[0.0],[0.0],[0.0],[0.0],[0.0]]],[[[0.0],[0.0],[0.0],[0.0],[0.0],[0.0],[0.0],[0.0],[0.0],[0.0],[0.0]]],[[[0.0],[0.0],[0.0],[0.0],[0.0],[0.0],[0.0],[0.0],[0.0],[0.0],[0.0]]]],"_dim1":11,"_dim2":1,"_dim3":11,"_dim4":1,"_total_num_collision_checks":1000.0}